{
  "VPT": 0.0,
  "RMSE": 1.687893271446228,
  "MAE": 7.912785530090332,
  "W2": 39.13812255859375,
  "training_time": 1093.7749860286713,
  "model_size": 1614272,
  "experiment_seed": 950027,
  "model_seed": 63
}