{
  "VPT": 0.0,
  "RMSE": 1.4585981369018555,
  "MAE": 6.975236415863037,
  "W2": 39.812767028808594,
  "training_time": 3595.776155948639,
  "model_size": 1614272,
  "experiment_seed": 322090,
  "model_seed": 63
}