{
  "VPT": 0.0,
  "RMSE": 1.8104914426803589,
  "MAE": 7.7472944259643555,
  "W2": 37.684837341308594,
  "training_time": 746.9580340385437,
  "model_size": 1614272,
  "experiment_seed": 266265,
  "model_seed": 63
}